{
	"logistic_accuracy": 0.7835344215755855,
	"logistic_roc_auc": 0.8253171097160866
}
